t,ELBO,ll,kl,lmbda
0,-6.911380290985107,-6.911380290985107,92.62764739990234,0.0
20,-0.7942681312561035,-0.7942681312561035,92.94715118408203,0.0
40,-0.7140600681304932,-0.7140600681304932,93.25802612304688,0.0
60,-0.41843461990356445,-0.41843461990356445,93.67779541015625,0.0
80,-0.23086223006248474,-0.23086223006248474,94.17364501953125,0.0
100,-0.0761236846446991,-0.0761236846446991,94.7210922241211,0.0
120,0.03295082598924637,0.03295082598924637,95.2869873046875,0.0
140,0.11054308712482452,0.11054308712482452,95.77558135986328,0.0
160,0.17166730761528015,0.17166730761528015,96.15574645996094,0.0
180,0.20597527921199799,0.20597527921199799,96.46554565429688,0.0
200,0.23810908198356628,0.23810908198356628,96.7294692993164,0.0
220,0.2605617642402649,0.2605617642402649,96.96477508544922,0.0
240,0.28199151158332825,0.28199151158332825,97.18904876708984,0.0
260,0.30118513107299805,0.30118513107299805,97.3891372680664,0.0
280,0.31698116660118103,0.31698116660118103,97.57705688476562,0.0
300,0.3321232795715332,0.3321232795715332,97.75408172607422,0.0
320,0.3446880280971527,0.3446880280971527,97.92098999023438,0.0
340,0.35688307881355286,0.35688307881355286,98.07994079589844,0.0
360,0.3685700595378876,0.3685700595378876,98.23184967041016,0.0
380,0.37954145669937134,0.37954145669937134,98.37747192382812,0.0
400,0.3891896605491638,0.3891896605491638,98.51710510253906,0.0
420,0.39842477440834045,0.39842477440834045,98.64923095703125,0.0
440,0.40670984983444214,0.40670984983444214,98.7764663696289,0.0
460,0.4204453229904175,0.4204453229904175,98.90098571777344,0.0
480,0.4255121946334839,0.4255121946334839,99.0200424194336,0.0
500,0.43213748931884766,0.43213748931884766,99.13401794433594,0.0
520,0.4366331696510315,0.4366331696510315,99.24283599853516,0.0
540,0.4409681558609009,0.4409681558609009,99.3464584350586,0.0
560,0.4446107745170593,0.4446107745170593,99.44526672363281,0.0
580,0.44825130701065063,0.44825130701065063,99.53994750976562,0.0
600,0.4515474736690521,0.4515474736690521,99.63123321533203,0.0
620,0.4543464481830597,0.4543464481830597,99.72119903564453,0.0
640,0.4570736587047577,0.4570736587047577,99.80840301513672,0.0
660,0.4597461223602295,0.4597461223602295,99.89317321777344,0.0
680,0.4627170264720917,0.4627170264720917,99.97588348388672,0.0
700,0.4648747444152832,0.4648747444152832,100.05718994140625,0.0
720,0.46776679158210754,0.46776679158210754,100.1378173828125,0.0
740,0.4698985517024994,0.4698985517024994,100.21612548828125,0.0
760,0.47273242473602295,0.47273242473602295,100.29241943359375,0.0
780,0.475097119808197,0.475097119808197,100.3671646118164,0.0
800,0.4775945842266083,0.4775945842266083,100.44051361083984,0.0
820,0.4798649847507477,0.4798649847507477,100.51201629638672,0.0
840,0.4821149408817291,0.4821149408817291,100.58257293701172,0.0
860,0.4841771125793457,0.4841771125793457,100.65184020996094,0.0
880,0.48645833134651184,0.48645833134651184,100.71981811523438,0.0
900,0.48839256167411804,0.48839256167411804,100.786376953125,0.0
920,0.49047356843948364,0.49047356843948364,100.85187530517578,0.0
940,0.49190834164619446,0.49190834164619446,100.91586303710938,0.0
960,0.49438807368278503,0.49438807368278503,100.97913360595703,0.0
980,0.49492430686950684,0.49492430686950684,101.04161834716797,0.0
1000,0.4984910786151886,0.4984910786151886,101.10359191894531,0.0
1020,-0.316592812538147,-0.316592812538147,101.15802001953125,0.0
1040,0.1635819524526596,0.1635819524526596,101.21347045898438,0.0
1060,0.5004108548164368,0.5004108548164368,101.23282623291016,0.0
1080,0.5832845568656921,0.5832845568656921,101.27692413330078,0.0
1100,0.25448915362358093,0.25448915362358093,101.31077575683594,0.0
1120,0.5089134573936462,0.5089134573936462,101.34750366210938,0.0
1140,0.5979095101356506,0.5979095101356506,101.38507843017578,0.0
1160,0.25919732451438904,0.25919732451438904,101.42247772216797,0.0
1180,0.5097925066947937,0.5097925066947937,101.46048736572266,0.0
1200,0.5978192090988159,0.5978192090988159,101.49855041503906,0.0
1220,0.25627514719963074,0.25627514719963074,101.53630065917969,0.0
1240,0.5083140730857849,0.5083140730857849,101.57489013671875,0.0
1260,0.5985068082809448,0.5985068082809448,101.61344909667969,0.0
1280,0.2540034353733063,0.2540034353733063,101.6516342163086,0.0
1300,0.5074306726455688,0.5074306726455688,101.69122314453125,0.0
1320,0.5990967154502869,0.5990967154502869,101.73136901855469,0.0
1340,0.25159385800361633,0.25159385800361633,101.7722396850586,0.0
1360,0.5059952139854431,0.5059952139854431,101.81510925292969,0.0
1380,0.5985693335533142,0.5985693335533142,101.85772705078125,0.0
1400,0.2455938458442688,0.2455938458442688,101.89909362792969,0.0
1420,0.5042877197265625,0.5042877197265625,101.94268035888672,0.0
1440,0.5982829332351685,0.5982829332351685,101.98481750488281,0.0
1460,0.24218475818634033,0.24218475818634033,102.0266342163086,0.0
1480,0.5043979287147522,0.5043979287147522,102.0696792602539,0.0
1500,0.5987825393676758,0.5987825393676758,102.11382293701172,0.0
1520,0.23913192749023438,0.23913192749023438,102.15691375732422,0.0
1540,0.5030779242515564,0.5030779242515564,102.19963836669922,0.0
1560,0.5995947122573853,0.5995947122573853,102.2414779663086,0.0
1580,0.23592349886894226,0.23592349886894226,102.2825927734375,0.0
1600,0.5030418634414673,0.5030418634414673,102.32473754882812,0.0
1620,0.60174560546875,0.60174560546875,102.36740112304688,0.0
1640,0.2349845916032791,0.2349845916032791,102.41118621826172,0.0
1660,0.5045611262321472,0.5045611262321472,102.4565658569336,0.0
1680,0.6030412316322327,0.6030412316322327,102.50163269042969,0.0
1700,0.2323908507823944,0.2323908507823944,102.54591369628906,0.0
1720,0.5051397085189819,0.5051397085189819,102.59144592285156,0.0
1740,0.6039896011352539,0.6039896011352539,102.63692474365234,0.0
1760,0.23130325973033905,0.23130325973033905,102.6821517944336,0.0
1780,0.5052217245101929,0.5052217245101929,102.72894287109375,0.0
1800,0.6040615439414978,0.6040615439414978,102.7757568359375,0.0
1820,0.22943033277988434,0.22943033277988434,102.82249450683594,0.0
1840,0.5031663179397583,0.5031663179397583,102.87071228027344,0.0
1860,0.6042718291282654,0.6042718291282654,102.91891479492188,0.0
1880,0.22502149641513824,0.22502149641513824,102.96678924560547,0.0
1900,0.5020662546157837,0.5020662546157837,103.01624298095703,0.0
1920,0.6042266488075256,0.6042266488075256,103.0657730102539,0.0
1940,0.22097285091876984,0.22097285091876984,103.11510467529297,0.0
1960,0.500921368598938,0.500921368598938,103.16606140136719,0.0
1980,0.6039426922798157,0.6039426922798157,103.2171630859375,0.0
2000,0.2170805037021637,0.2170805037021637,103.26802825927734,0.0
2020,0.49956756830215454,0.49956756830215454,103.32058715820312,0.0
2040,0.6033769845962524,0.6033769845962524,103.37312316894531,0.0
2060,0.21330176293849945,0.21330176293849945,103.42536163330078,0.0
2080,0.49810662865638733,0.49810662865638733,103.47927856445312,0.0
2100,0.6025258302688599,0.6025258302688599,103.53315734863281,0.0
2120,0.20964735746383667,0.20964735746383667,103.58665466308594,0.0
2140,0.4963575303554535,0.4963575303554535,103.64186096191406,0.0
2160,0.6013713479042053,0.6013713479042053,103.69697570800781,0.0
2180,0.20606006681919098,0.20606006681919098,103.7517318725586,0.0
2200,0.4945842921733856,0.4945842921733856,103.8082504272461,0.0
2220,0.6002056002616882,0.6002056002616882,103.8646469116211,0.0
2240,0.20240476727485657,0.20240476727485657,103.9205551147461,0.0
2260,0.4928865432739258,0.4928865432739258,103.97824096679688,0.0
2280,0.5990794897079468,0.5990794897079468,104.03569030761719,0.0
2300,0.19933085143566132,0.19933085143566132,104.0926742553711,0.0
2320,0.49116796255111694,0.49116796255111694,104.1514892578125,0.0
2340,0.5981719493865967,0.5981719493865967,104.21009826660156,0.0
2360,0.19692827761173248,0.19692827761173248,104.26817321777344,0.0
2380,0.4901222586631775,0.4901222586631775,104.32818603515625,0.0
2400,0.5983850359916687,0.5983850359916687,104.3880386352539,0.0
2420,0.1960987150669098,0.1960987150669098,104.4476547241211,0.0
2440,0.49174219369888306,0.49174219369888306,104.50957489013672,0.0
2460,0.6019659638404846,0.6019659638404846,104.57170104980469,0.0
2480,0.19733820855617523,0.19733820855617523,104.63368225097656,0.0
2500,0.5000025033950806,0.5000025033950806,104.6978530883789,0.0
2520,0.609937846660614,0.609937846660614,104.76153564453125,0.0
2540,0.20243561267852783,0.20243561267852783,104.82431030273438,0.0
2560,0.5019271373748779,0.5019271373748779,104.8887710571289,0.0
2580,0.6114802956581116,0.6114802956581116,104.95254516601562,0.0
2600,0.2038135975599289,0.2038135975599289,105.015869140625,0.0
2620,0.5026094913482666,0.5026094913482666,105.08185577392578,0.0
2640,0.6120877861976624,0.6120877861976624,105.14764404296875,0.0
2660,0.2020210325717926,0.2020210325717926,105.21296691894531,0.0
2680,0.5032367706298828,0.5032367706298828,105.28166961669922,0.0
2700,0.6123237013816833,0.6123237013816833,105.35142517089844,0.0
2720,0.20212571322917938,0.20212571322917938,105.42057037353516,0.0
2740,0.5031105279922485,0.5031105279922485,105.49120330810547,0.0
2760,0.6120365262031555,0.6120365262031555,105.56084442138672,0.0
2780,0.201097771525383,0.201097771525383,105.62955474853516,0.0
2800,0.5011045932769775,0.5011045932769775,105.70015716552734,0.0
2820,0.6104616522789001,0.6104616522789001,105.76985931396484,0.0
2840,0.2003231942653656,0.2003231942653656,105.83857727050781,0.0
2860,0.49923479557037354,0.49923479557037354,105.90962219238281,0.0
2880,0.6090885996818542,0.6090885996818542,105.98051452636719,0.0
2900,0.1994529515504837,0.1994529515504837,106.05071258544922,0.0
2920,0.49796852469444275,0.49796852469444275,106.12342071533203,0.0
2940,0.6080297827720642,0.6080297827720642,106.19564819335938,0.0
2960,0.19847194850444794,0.19847194850444794,106.26689910888672,0.0
2980,0.496076762676239,0.496076762676239,106.3404312133789,0.0
3000,0.6065902709960938,0.6065902709960938,106.41334533691406,0.0
3020,-0.006440888624638319,-0.006440888624638319,106.45663452148438,0.0
3040,0.1848498433828354,0.1848498433828354,106.56584930419922,0.0
3060,0.9036725759506226,0.9036725759506226,106.64788818359375,0.0
3080,0.9194158911705017,0.9194158911705017,106.73873138427734,0.0
3100,0.6280213594436646,0.6280213594436646,106.80549621582031,0.0
3120,0.7809165120124817,0.7809165120124817,106.83610534667969,0.0
3140,0.604932427406311,0.604932427406311,106.87052917480469,0.0
3160,0.7655972242355347,0.7655972242355347,106.89717864990234,0.0
3180,0.8417912125587463,0.8417912125587463,106.92433166503906,0.0
3200,0.5826067924499512,0.5826067924499512,106.95002746582031,0.0
3220,0.7799091339111328,0.7799091339111328,106.97547912597656,0.0
3240,0.8484231233596802,0.8484231233596802,107.00120544433594,0.0
3260,0.5830087065696716,0.5830087065696716,107.02692413330078,0.0
3280,0.7832140326499939,0.7832140326499939,107.05221557617188,0.0
3300,0.8508350849151611,0.8508350849151611,107.07785034179688,0.0
3320,0.5829979181289673,0.5829979181289673,107.10333251953125,0.0
3340,0.7845858931541443,0.7845858931541443,107.12835693359375,0.0
3360,0.8525595664978027,0.8525595664978027,107.15373992919922,0.0
3380,0.5830253958702087,0.5830253958702087,107.17912292480469,0.0
3400,0.7855271100997925,0.7855271100997925,107.20419311523438,0.0
3420,0.8539367914199829,0.8539367914199829,107.22981262207031,0.0
3440,0.5825203657150269,0.5825203657150269,107.25550079345703,0.0
3460,0.7867566347122192,0.7867566347122192,107.2807846069336,0.0
3480,0.8552428483963013,0.8552428483963013,107.30653381347656,0.0
3500,0.5825828909873962,0.5825828909873962,107.332275390625,0.0
3520,0.787386953830719,0.787386953830719,107.357666015625,0.0
3540,0.856178343296051,0.856178343296051,107.38359832763672,0.0
3560,0.5831223726272583,0.5831223726272583,107.40968322753906,0.0
3580,0.7879475355148315,0.7879475355148315,107.43547821044922,0.0
3600,0.8572289943695068,0.8572289943695068,107.4617919921875,0.0
3620,0.5834081768989563,0.5834081768989563,107.48796081542969,0.0
3640,0.7888087034225464,0.7888087034225464,107.51348876953125,0.0
3660,0.8581526875495911,0.8581526875495911,107.5394515991211,0.0
3680,0.5836975574493408,0.5836975574493408,107.56547546386719,0.0
3700,0.789177417755127,0.789177417755127,107.59112548828125,0.0
3720,0.8587051033973694,0.8587051033973694,107.61751556396484,0.0
3740,0.5842954516410828,0.5842954516410828,107.64414978027344,0.0
3760,0.7893678545951843,0.7893678545951843,107.6704330444336,0.0
3780,0.8592729568481445,0.8592729568481445,107.6972885131836,0.0
3800,0.5842720866203308,0.5842720866203308,107.72415924072266,0.0
3820,0.7899056673049927,0.7899056673049927,107.75045013427734,0.0
3840,0.8599161505699158,0.8599161505699158,107.77723693847656,0.0
3860,0.5841057300567627,0.5841057300567627,107.80403137207031,0.0
3880,0.7902059555053711,0.7902059555053711,107.83036041259766,0.0
3900,0.8603153228759766,0.8603153228759766,107.85728454589844,0.0
3920,0.584181547164917,0.584181547164917,107.88426971435547,0.0
3940,0.7904412746429443,0.7904412746429443,107.91075897216797,0.0
3960,0.8607141375541687,0.8607141375541687,107.93783569335938,0.0
3980,0.5841291546821594,0.5841291546821594,107.96497344970703,0.0
4000,0.7907199263572693,0.7907199263572693,107.99161529541016,0.0
4020,0.8610982894897461,0.8610982894897461,108.0188980102539,0.0
4040,0.5840731859207153,0.5840731859207153,108.04625701904297,0.0
4060,0.7909725308418274,0.7909725308418274,108.07312774658203,0.0
4080,0.8614311814308167,0.8614311814308167,108.10060119628906,0.0
4100,0.5840819478034973,0.5840819478034973,108.12816619873047,0.0
4120,0.7911642789840698,0.7911642789840698,108.15523529052734,0.0
4140,0.8617011904716492,0.8617011904716492,108.18294525146484,0.0
4160,0.5841736197471619,0.5841736197471619,108.21074676513672,0.0
4180,0.7913022637367249,0.7913022637367249,108.2380599975586,0.0
4200,0.8619303107261658,0.8619303107261658,108.26605224609375,0.0
4220,0.5843038558959961,0.5843038558959961,108.29412078857422,0.0
4240,0.791409969329834,0.791409969329834,108.32173919677734,0.0
4260,0.8621311783790588,0.8621311783790588,108.35004425048828,0.0
4280,0.5844716429710388,0.5844716429710388,108.37845611572266,0.0
4300,0.7914960384368896,0.7914960384368896,108.40643310546875,0.0
4320,0.8623112440109253,0.8623112440109253,108.43506622314453,0.0
4340,0.5846657752990723,0.5846657752990723,108.46385192871094,0.0
4360,0.7916004657745361,0.7916004657745361,108.49223327636719,0.0
4380,0.8624919056892395,0.8624919056892395,108.52129364013672,0.0
4400,0.5849026441574097,0.5849026441574097,108.55052185058594,0.0
4420,0.7916513085365295,0.7916513085365295,108.57936096191406,0.0
4440,0.8626132607460022,0.8626132607460022,108.6089096069336,0.0
4460,0.5852516889572144,0.5852516889572144,108.63862609863281,0.0
4480,0.7917256355285645,0.7917256355285645,108.66800689697266,0.0
4500,0.8628674149513245,0.8628674149513245,108.69807434082031,0.0
4520,0.5855733752250671,0.5855733752250671,108.72828674316406,0.0
4540,0.7920351624488831,0.7920351624488831,108.75817108154297,0.0
4560,0.8633943796157837,0.8633943796157837,108.78865814208984,0.0
4580,0.585070013999939,0.585070013999939,108.81922912597656,0.0
4600,0.7925970554351807,0.7925970554351807,108.8493881225586,0.0
4620,0.8639100790023804,0.8639100790023804,108.88014221191406,0.0
4640,0.5844711661338806,0.5844711661338806,108.9110107421875,0.0
4660,0.7927941083908081,0.7927941083908081,108.94149780273438,0.0
4680,0.8641659021377563,0.8641659021377563,108.97262573242188,0.0
4700,0.5839482545852661,0.5839482545852661,109.00386810302734,0.0
4720,0.7929826378822327,0.7929826378822327,109.03471374511719,0.0
4740,0.8644496202468872,0.8644496202468872,109.06616973876953,0.0
4760,0.5833423137664795,0.5833423137664795,109.09770202636719,0.0
4780,0.7930838465690613,0.7930838465690613,109.12882995605469,0.0
4800,0.8646183609962463,0.8646183609962463,109.16057586669922,0.0
4820,0.5829706788063049,0.5829706788063049,109.19239044189453,0.0
4840,0.7931252121925354,0.7931252121925354,109.2238540649414,0.0
4860,0.8647841215133667,0.8647841215133667,109.255859375,0.0
4880,0.5825332403182983,0.5825332403182983,109.28797149658203,0.0
4900,0.7932347059249878,0.7932347059249878,109.31965637207031,0.0
4920,0.8649511337280273,0.8649511337280273,109.35191345214844,0.0
4940,0.5822094082832336,0.5822094082832336,109.38423156738281,0.0
4960,0.7931374907493591,0.7931374907493591,109.41619873046875,0.0
4980,0.8648992776870728,0.8648992776870728,109.44873809814453,0.0
5000,0.581951916217804,0.581951916217804,109.48127746582031,0.0
5020,0.5073894262313843,0.5073894262313843,109.50428771972656,0.0
5040,0.37216314673423767,0.37216314673423767,109.52239227294922,0.0
5060,0.4782790243625641,0.4782790243625641,109.5400619506836,0.0
5080,0.4514995515346527,0.4514995515346527,109.55227661132812,0.0
5100,0.4638538062572479,0.4638538062572479,109.56475830078125,0.0
5120,0.4771863520145416,0.4771863520145416,109.57948303222656,0.0
5140,0.4656743109226227,0.4656743109226227,109.59259033203125,0.0
5160,0.4802016317844391,0.4802016317844391,109.60792541503906,0.0
5180,0.4727320969104767,0.4727320969104767,109.62342071533203,0.0
5200,0.47341006994247437,0.47341006994247437,109.63762664794922,0.0
5220,0.4931207299232483,0.4931207299232483,109.65247344970703,0.0
5240,0.4928252696990967,0.4928252696990967,109.6648941040039,0.0
5260,0.49509328603744507,0.49509328603744507,109.67568969726562,0.0
5280,0.4986719489097595,0.4986719489097595,109.68600463867188,0.0
5300,0.496726393699646,0.496726393699646,109.69703674316406,0.0
5320,0.492404967546463,0.492404967546463,109.70751190185547,0.0
5340,0.5068690776824951,0.5068690776824951,109.71806335449219,0.0
5360,0.5012333393096924,0.5012333393096924,109.72892761230469,0.0
5380,0.49867963790893555,0.49867963790893555,109.73946380615234,0.0
5400,0.5116733312606812,0.5116733312606812,109.75023651123047,0.0
5420,0.5068724751472473,0.5068724751472473,109.76153564453125,0.0
5440,0.5047671794891357,0.5047671794891357,109.77276611328125,0.0
5460,0.5171369314193726,0.5171369314193726,109.78430938720703,0.0
5480,0.5114415884017944,0.5114415884017944,109.79651641845703,0.0
5500,0.509990930557251,0.509990930557251,109.80860900878906,0.0
5520,0.5205496549606323,0.5205496549606323,109.82101440429688,0.0
5540,0.5164100527763367,0.5164100527763367,109.83393096923828,0.0
5560,0.5149672627449036,0.5149672627449036,109.8466567993164,0.0
5580,0.5258730053901672,0.5258730053901672,109.8595199584961,0.0
5600,0.5198735594749451,0.5198735594749451,109.87271118164062,0.0
5620,0.5181516408920288,0.5181516408920288,109.88563537597656,0.0
5640,0.5291787385940552,0.5291787385940552,109.89848327636719,0.0
5660,0.5238195061683655,0.5238195061683655,109.9115982055664,0.0
5680,0.5229392051696777,0.5229392051696777,109.92465209960938,0.0
5700,0.5331162214279175,0.5331162214279175,109.9377670288086,0.0
5720,0.5278913378715515,0.5278913378715515,109.95130157470703,0.0
5740,0.5276520252227783,0.5276520252227783,109.96485900878906,0.0
5760,0.5373055934906006,0.5373055934906006,109.9784164428711,0.0
5780,0.5316433906555176,0.5316433906555176,109.9924087524414,0.0
5800,0.5312570333480835,0.5312570333480835,110.00635528564453,0.0
5820,0.5404528975486755,0.5404528975486755,110.02019500732422,0.0
5840,0.5356100797653198,0.5356100797653198,110.03437805175781,0.0
5860,0.534974217414856,0.534974217414856,110.04847717285156,0.0
5880,0.5434019565582275,0.5434019565582275,110.06238555908203,0.0
5900,0.5385473966598511,0.5385473966598511,110.07664489746094,0.0
5920,0.5391384363174438,0.5391384363174438,110.09099578857422,0.0
5940,0.546634316444397,0.546634316444397,110.10515594482422,0.0
5960,0.5408728122711182,0.5408728122711182,110.11952209472656,0.0
5980,0.5432447195053101,0.5432447195053101,110.13409423828125,0.0
6000,0.5488743782043457,0.5488743782043457,110.1484146118164,0.0
6020,0.5454565286636353,0.5454565286636353,110.16238403320312,0.0
6040,0.5495546460151672,0.5495546460151672,110.17652893066406,0.0
6060,0.5507569313049316,0.5507569313049316,110.19013214111328,0.0
6080,0.5525432825088501,0.5525432825088501,110.2037124633789,0.0
6100,0.5530274510383606,0.5530274510383606,110.21743774414062,0.0
6120,0.5537571310997009,0.5537571310997009,110.2310791015625,0.0
6140,0.5542272329330444,0.5542272329330444,110.24506378173828,0.0
6160,0.5555291771888733,0.5555291771888733,110.2587661743164,0.0
6180,0.5531927943229675,0.5531927943229675,110.2723159790039,0.0
6200,0.5577387809753418,0.5577387809753418,110.28575897216797,0.0
6220,0.555629312992096,0.555629312992096,110.29923248291016,0.0
6240,0.5557321906089783,0.5557321906089783,110.31184387207031,0.0
6260,0.559901237487793,0.559901237487793,110.325927734375,0.0
6280,0.5581958889961243,0.5581958889961243,110.34015655517578,0.0
6300,0.5592679381370544,0.5592679381370544,110.35359954833984,0.0
6320,0.5627545714378357,0.5627545714378357,110.36831665039062,0.0
6340,0.5610083937644958,0.5610083937644958,110.3827896118164,0.0
6360,0.5622718930244446,0.5622718930244446,110.39656066894531,0.0
6380,0.5653908252716064,0.5653908252716064,110.4116439819336,0.0
6400,0.563279390335083,0.563279390335083,110.42627716064453,0.0
6420,0.5652307271957397,0.5652307271957397,110.4405288696289,0.0
6440,0.56804358959198,0.56804358959198,110.45606231689453,0.0
6460,0.5661716461181641,0.5661716461181641,110.47087097167969,0.0
6480,0.5684230923652649,0.5684230923652649,110.4852294921875,0.0
6500,0.5710009336471558,0.5710009336471558,110.50084686279297,0.0
6520,0.5686341524124146,0.5686341524124146,110.51512908935547,0.0
6540,0.5708154439926147,0.5708154439926147,110.52964782714844,0.0
6560,0.5719273686408997,0.5719273686408997,110.54475402832031,0.0
6580,0.5723931193351746,0.5723931193351746,110.5587158203125,0.0
6600,0.5773484706878662,0.5773484706878662,110.57369232177734,0.0
6620,0.5748950242996216,0.5748950242996216,110.5884017944336,0.0
6640,0.5771527290344238,0.5771527290344238,110.60481262207031,0.0
6660,0.5786911845207214,0.5786911845207214,110.62126922607422,0.0
6680,0.5778738856315613,0.5778738856315613,110.63655090332031,0.0
6700,0.5808607339859009,0.5808607339859009,110.65245056152344,0.0
6720,0.5820786952972412,0.5820786952972412,110.66907501220703,0.0
6740,0.5821388959884644,0.5821388959884644,110.68509674072266,0.0
6760,0.5837799906730652,0.5837799906730652,110.70161437988281,0.0
6780,0.583942711353302,0.583942711353302,110.71842193603516,0.0
6800,0.5847113728523254,0.5847113728523254,110.73497772216797,0.0
6820,0.5853019952774048,0.5853019952774048,110.75162506103516,0.0
6840,0.5861696600914001,0.5861696600914001,110.76830291748047,0.0
6860,0.586970329284668,0.586970329284668,110.78485870361328,0.0
6880,0.5877671837806702,0.5877671837806702,110.80133056640625,0.0
6900,0.588556706905365,0.588556706905365,110.81771850585938,0.0
6920,0.5895209908485413,0.5895209908485413,110.83403778076172,0.0
6940,0.5911225080490112,0.5911225080490112,110.85028076171875,0.0
6960,0.5922592878341675,0.5922592878341675,110.86643981933594,0.0
6980,0.592807412147522,0.592807412147522,110.88255310058594,0.0
7000,0.593336820602417,0.593336820602417,110.89863586425781,0.0
7020,0.5938796401023865,0.5938796401023865,110.9146957397461,0.0
7040,0.5943629145622253,0.5943629145622253,110.93087768554688,0.0
7060,0.5947467088699341,0.5947467088699341,110.9470443725586,0.0
7080,0.5954976677894592,0.5954976677894592,110.96308898925781,0.0
7100,0.5963923335075378,0.5963923335075378,110.97905731201172,0.0
7120,0.596922755241394,0.596922755241394,110.99491119384766,0.0
7140,0.597102165222168,0.597102165222168,111.0106430053711,0.0
7160,0.597524881362915,0.597524881362915,111.02632141113281,0.0
7180,0.5983213186264038,0.5983213186264038,111.0418930053711,0.0
7200,0.5992105603218079,0.5992105603218079,111.05729675292969,0.0
7220,0.5999608039855957,0.5999608039855957,111.07244873046875,0.0
7240,0.6009810566902161,0.6009810566902161,111.08741760253906,0.0
7260,0.6016137003898621,0.6016137003898621,111.10213470458984,0.0
7280,0.6022899746894836,0.6022899746894836,111.1168441772461,0.0
7300,0.6028617024421692,0.6028617024421692,111.13168334960938,0.0
7320,0.6034037470817566,0.6034037470817566,111.14673614501953,0.0
7340,0.6037612557411194,0.6037612557411194,111.16193389892578,0.0
7360,0.6040233969688416,0.6040233969688416,111.17716979980469,0.0
7380,0.6042897701263428,0.6042897701263428,111.19241333007812,0.0
7400,0.60476154088974,0.60476154088974,111.20761108398438,0.0
7420,0.605682909488678,0.605682909488678,111.2228012084961,0.0
7440,0.6067890524864197,0.6067890524864197,111.23798370361328,0.0
7460,0.6078516840934753,0.6078516840934753,111.25312805175781,0.0
7480,0.6088141798973083,0.6088141798973083,111.26820373535156,0.0
7500,0.6096221804618835,0.6096221804618835,111.28319549560547,0.0
7520,0.6102998852729797,0.6102998852729797,111.29808807373047,0.0
7540,0.6109635233879089,0.6109635233879089,111.31287384033203,0.0
7560,0.6119378805160522,0.6119378805160522,111.32757568359375,0.0
7580,0.612939715385437,0.612939715385437,111.34199523925781,0.0
7600,0.6138026118278503,0.6138026118278503,111.35599517822266,0.0
7620,0.6153970956802368,0.6153970956802368,111.36979675292969,0.0
7640,0.6170274615287781,0.6170274615287781,111.38353729248047,0.0
7660,0.6181427836418152,0.6181427836418152,111.39726257324219,0.0
7680,0.6188148856163025,0.6188148856163025,111.41132354736328,0.0
7700,0.6193180084228516,0.6193180084228516,111.42569732666016,0.0
7720,0.6198188066482544,0.6198188066482544,111.44029235839844,0.0
7740,0.620227038860321,0.620227038860321,111.455078125,0.0
7760,0.6204342842102051,0.6204342842102051,111.47003173828125,0.0
7780,0.6204371452331543,0.6204371452331543,111.48506164550781,0.0
7800,0.620249330997467,0.620249330997467,111.49999237060547,0.0
7820,0.6202110052108765,0.6202110052108765,111.5146713256836,0.0
7840,0.6202009320259094,0.6202009320259094,111.52908325195312,0.0
7860,0.6197858452796936,0.6197858452796936,111.54342651367188,0.0
7880,0.6185765862464905,0.6185765862464905,111.55765533447266,0.0
7900,0.6228793859481812,0.6228793859481812,111.57182312011719,0.0
7920,0.6260054707527161,0.6260054707527161,111.5858383178711,0.0
7940,0.6269527673721313,0.6269527673721313,111.59982299804688,0.0
7960,0.6268500685691833,0.6268500685691833,111.61373138427734,0.0
7980,0.6263041496276855,0.6263041496276855,111.62751007080078,0.0
8000,0.6262612342834473,0.6262612342834473,111.64115142822266,0.0
8020,0.6263467073440552,0.6263467073440552,111.65450286865234,0.0
8040,0.626532793045044,0.626532793045044,111.66781616210938,0.0
8060,0.6269742846488953,0.6269742846488953,111.68083953857422,0.0
8080,0.626846194267273,0.626846194267273,111.69366455078125,0.0
8100,0.6272239089012146,0.6272239089012146,111.70652770996094,0.0
8120,0.6279971599578857,0.6279971599578857,111.71963500976562,0.0
8140,0.6287328004837036,0.6287328004837036,111.7330551147461,0.0
8160,0.6292200684547424,0.6292200684547424,111.74665832519531,0.0
8180,0.629635751247406,0.629635751247406,111.76045989990234,0.0
8200,0.6300206184387207,0.6300206184387207,111.77439880371094,0.0
8220,0.6303914189338684,0.6303914189338684,111.7884750366211,0.0
8240,0.6307604312896729,0.6307604312896729,111.8027114868164,0.0
8260,0.6310873627662659,0.6310873627662659,111.81705474853516,0.0
8280,0.6314077377319336,0.6314077377319336,111.83150482177734,0.0
8300,0.6317598819732666,0.6317598819732666,111.84606170654297,0.0
8320,0.6321008801460266,0.6321008801460266,111.86064910888672,0.0
8340,0.6324479579925537,0.6324479579925537,111.87528991699219,0.0
8360,0.6328813433647156,0.6328813433647156,111.88995361328125,0.0
8380,0.6336185932159424,0.6336185932159424,111.90467071533203,0.0
8400,0.6345772743225098,0.6345772743225098,111.9194107055664,0.0
8420,0.6354169845581055,0.6354169845581055,111.93419647216797,0.0
8440,0.6360188722610474,0.6360188722610474,111.94902038574219,0.0
8460,0.6363787651062012,0.6363787651062012,111.96385955810547,0.0
8480,0.6366117596626282,0.6366117596626282,111.97870635986328,0.0
8500,0.6368680000305176,0.6368680000305176,111.99356079101562,0.0
8520,0.6371698975563049,0.6371698975563049,112.00840759277344,0.0
8540,0.6374617218971252,0.6374617218971252,112.02325439453125,0.0
8560,0.6376599073410034,0.6376599073410034,112.03804779052734,0.0
8580,0.6377975344657898,0.6377975344657898,112.05278778076172,0.0
8600,0.6379499435424805,0.6379499435424805,112.06743621826172,0.0
8620,0.6378059983253479,0.6378059983253479,112.08197021484375,0.0
8640,0.6375328302383423,0.6375328302383423,112.09626770019531,0.0
8660,0.6371943354606628,0.6371943354606628,112.11036682128906,0.0
8680,0.6370263695716858,0.6370263695716858,112.12413024902344,0.0
8700,0.6378645896911621,0.6378645896911621,112.13771057128906,0.0
8720,0.6385936737060547,0.6385936737060547,112.1513900756836,0.0
8740,0.638292670249939,0.638292670249939,112.16556549072266,0.0
8760,0.6387097835540771,0.6387097835540771,112.17985534667969,0.0
8780,0.6394261717796326,0.6394261717796326,112.19418334960938,0.0
8800,0.6403178572654724,0.6403178572654724,112.2085952758789,0.0
8820,0.6411990523338318,0.6411990523338318,112.22296905517578,0.0
8840,0.6421424150466919,0.6421424150466919,112.23731994628906,0.0
8860,0.6429793834686279,0.6429793834686279,112.25157165527344,0.0
8880,0.6441207528114319,0.6441207528114319,112.26579284667969,0.0
8900,0.6471032500267029,0.6471032500267029,112.28003692626953,0.0
8920,0.648446261882782,0.648446261882782,112.29436492919922,0.0
8940,0.6492016315460205,0.6492016315460205,112.30870056152344,0.0
8960,0.6496748328208923,0.6496748328208923,112.32295227050781,0.0
8980,0.649925947189331,0.649925947189331,112.33712768554688,0.0
9000,0.6501648426055908,0.6501648426055908,112.35127258300781,0.0
9020,0.9634709358215332,0.9634709358215332,112.35762786865234,0.0
9040,1.020081639289856,1.020081639289856,112.36837005615234,0.0
9060,1.026899814605713,1.026899814605713,112.38172149658203,0.0
9080,1.0813356637954712,1.0813356637954712,112.39244079589844,0.0
9100,1.0954554080963135,1.0954554080963135,112.40169525146484,0.0
9120,1.068913459777832,1.068913459777832,112.41030883789062,0.0
9140,1.0958491563796997,1.0958491563796997,112.41825866699219,0.0
9160,1.1085458993911743,1.1085458993911743,112.42583465576172,0.0
9180,1.0741244554519653,1.0741244554519653,112.43306732177734,0.0
9200,1.1029038429260254,1.1029038429260254,112.43989562988281,0.0
9220,1.1150325536727905,1.1150325536727905,112.446533203125,0.0
9240,1.0766699314117432,1.0766699314117432,112.45301055908203,0.0
9260,1.1075438261032104,1.1075438261032104,112.45923614501953,0.0
9280,1.1199091672897339,1.1199091672897339,112.46539306640625,0.0
9300,1.0787591934204102,1.0787591934204102,112.47150421142578,0.0
9320,1.1116056442260742,1.1116056442260742,112.47745513916016,0.0
9340,1.1241694688796997,1.1241694688796997,112.48341369628906,0.0
9360,1.0805898904800415,1.0805898904800415,112.4892807006836,0.0
9380,1.1156446933746338,1.1156446933746338,112.49504089355469,0.0
9400,1.128485083580017,1.128485083580017,112.50091552734375,0.0
9420,1.0819151401519775,1.0819151401519775,112.50687408447266,0.0
9440,1.1196538209915161,1.1196538209915161,112.5126953125,0.0
9460,1.1324118375778198,1.1324118375778198,112.51885223388672,0.0
9480,1.0836389064788818,1.0836389064788818,112.5251693725586,0.0
9500,1.1226063966751099,1.1226063966751099,112.53138732910156,0.0
9520,1.1354094743728638,1.1354094743728638,112.53775024414062,0.0
9540,1.0852891206741333,1.0852891206741333,112.54412841796875,0.0
9560,1.1249655485153198,1.1249655485153198,112.5504150390625,0.0
9580,1.1378931999206543,1.1378931999206543,112.55681610107422,0.0
9600,1.087045431137085,1.087045431137085,112.563232421875,0.0
9620,1.126907229423523,1.126907229423523,112.56954193115234,0.0
9640,1.1400965452194214,1.1400965452194214,112.57592010498047,0.0
9660,1.0886259078979492,1.0886259078979492,112.58232116699219,0.0
9680,1.128883719444275,1.128883719444275,112.58861541748047,0.0
9700,1.142291784286499,1.142291784286499,112.59500885009766,0.0
9720,1.0901480913162231,1.0901480913162231,112.6014175415039,0.0
9740,1.1307305097579956,1.1307305097579956,112.60767364501953,0.0
9760,1.1443475484848022,1.1443475484848022,112.61405944824219,0.0
9780,1.0915415287017822,1.0915415287017822,112.62041473388672,0.0
9800,1.1324777603149414,1.1324777603149414,112.62663269042969,0.0
9820,1.1462613344192505,1.1462613344192505,112.63292694091797,0.0
9840,1.0927778482437134,1.0927778482437134,112.63922882080078,0.0
9860,1.1340676546096802,1.1340676546096802,112.64543151855469,0.0
9880,1.1480093002319336,1.1480093002319336,112.65174865722656,0.0
9900,1.0939438343048096,1.0939438343048096,112.65811157226562,0.0
9920,1.135594367980957,1.135594367980957,112.66437530517578,0.0
9940,1.1497011184692383,1.1497011184692383,112.67072296142578,0.0
9960,1.0950651168823242,1.0950651168823242,112.67713928222656,0.0
9980,1.137082576751709,1.137082576751709,112.68344116210938,0.0
10000,1.1513522863388062,1.1513522863388062,112.68985748291016,0.0
10020,1.0961556434631348,1.0961556434631348,112.6963119506836,0.0
10040,1.1385291814804077,1.1385291814804077,112.70265197753906,0.0
10060,1.1529738903045654,1.1529738903045654,112.70909118652344,0.0
10080,1.0972011089324951,1.0972011089324951,112.71556854248047,0.0
10100,1.1399540901184082,1.1399540901184082,112.72195434570312,0.0
10120,1.1545764207839966,1.1545764207839966,112.72843170166016,0.0
10140,1.098191738128662,1.098191738128662,112.73493194580078,0.0
10160,1.1413664817810059,1.1413664817810059,112.7413101196289,0.0
10180,1.1561691761016846,1.1561691761016846,112.74781036376953,0.0
10200,1.0991171598434448,1.0991171598434448,112.75434112548828,0.0
10220,1.1427745819091797,1.1427745819091797,112.76075744628906,0.0
10240,1.157755732536316,1.157755732536316,112.76728057861328,0.0
10260,1.100013256072998,1.100013256072998,112.7738037109375,0.0
10280,1.1442124843597412,1.1442124843597412,112.78022003173828,0.0
10300,1.1593866348266602,1.1593866348266602,112.7867431640625,0.0
10320,1.100909948348999,1.100909948348999,112.79328918457031,0.0
10340,1.1456049680709839,1.1456049680709839,112.79972076416016,0.0
10360,1.1609548330307007,1.1609548330307007,112.8062515258789,0.0
10380,1.1017824411392212,1.1017824411392212,112.81282043457031,0.0
10400,1.1469615697860718,1.1469615697860718,112.81927490234375,0.0
10420,1.1624815464019775,1.1624815464019775,112.82581329345703,0.0
10440,1.1025835275650024,1.1025835275650024,112.83241271972656,0.0
10460,1.1483709812164307,1.1483709812164307,112.83888244628906,0.0
10480,1.1640856266021729,1.1640856266021729,112.84546661376953,0.0
10500,1.1033029556274414,1.1033029556274414,112.85206604003906,0.0
10520,1.1497724056243896,1.1497724056243896,112.85859680175781,0.0
10540,1.165602207183838,1.165602207183838,112.86518859863281,0.0
10560,1.104040265083313,1.104040265083313,112.871826171875,0.0
10580,1.151059627532959,1.151059627532959,112.87836456298828,0.0
10600,1.1670174598693848,1.1670174598693848,112.88502502441406,0.0
10620,1.1047677993774414,1.1047677993774414,112.89167785644531,0.0
10640,1.152348279953003,1.152348279953003,112.89823913574219,0.0
10660,1.168534517288208,1.168534517288208,112.9048843383789,0.0
10680,1.1053014993667603,1.1053014993667603,112.91156768798828,0.0
10700,1.1540440320968628,1.1540440320968628,112.91813659667969,0.0
10720,1.1704539060592651,1.1704539060592651,112.92481994628906,0.0
10740,1.1057863235473633,1.1057863235473633,112.93152618408203,0.0
10760,1.1558276414871216,1.1558276414871216,112.9381332397461,0.0
10780,1.172304630279541,1.172304630279541,112.94483184814453,0.0
10800,1.1064804792404175,1.1064804792404175,112.95158386230469,0.0
10820,1.157413125038147,1.157413125038147,112.95824432373047,0.0
10840,1.174019455909729,1.174019455909729,112.96498107910156,0.0
10860,1.1071995496749878,1.1071995496749878,112.9717788696289,0.0
10880,1.1588962078094482,1.1588962078094482,112.97850036621094,0.0
10900,1.1756256818771362,1.1756256818771362,112.98532104492188,0.0
10920,1.1080031394958496,1.1080031394958496,112.99217987060547,0.0
10940,1.1601898670196533,1.1601898670196533,112.99897766113281,0.0
10960,1.177055835723877,1.177055835723877,113.005859375,0.0
10980,1.108842134475708,1.108842134475708,113.01280975341797,0.0
11000,1.161370873451233,1.161370873451233,113.0196533203125,0.0
11020,1.1783989667892456,1.1783989667892456,113.02662658691406,0.0
11040,1.1096446514129639,1.1096446514129639,113.03361511230469,0.0
11060,1.162466049194336,1.162466049194336,113.04053497314453,0.0
11080,1.1796609163284302,1.1796609163284302,113.0475082397461,0.0
11100,1.1104084253311157,1.1104084253311157,113.05451202392578,0.0
11120,1.1635335683822632,1.1635335683822632,113.06133270263672,0.0
11140,1.18099045753479,1.18099045753479,113.068115234375,0.0
11160,1.1110671758651733,1.1110671758651733,113.07476043701172,0.0
11180,1.1646491289138794,1.1646491289138794,113.08140563964844,0.0
11200,1.182270884513855,1.182270884513855,113.08820343017578,0.0
11220,1.111886978149414,1.111886978149414,113.0951156616211,0.0
11240,1.1657086610794067,1.1657086610794067,113.10204315185547,0.0
11260,1.1834771633148193,1.1834771633148193,113.10910034179688,0.0
11280,1.1124948263168335,1.1124948263168335,113.11624908447266,0.0
11300,1.166722059249878,1.166722059249878,113.1233901977539,0.0
11320,1.1846586465835571,1.1846586465835571,113.130615234375,0.0
11340,1.1130378246307373,1.1130378246307373,113.1379165649414,0.0
11360,1.1677143573760986,1.1677143573760986,113.14521026611328,0.0
11380,1.1858186721801758,1.1858186721801758,113.15259552001953,0.0
11400,1.1135298013687134,1.1135298013687134,113.1600570678711,0.0
11420,1.1686912775039673,1.1686912775039673,113.16751861572266,0.0
11440,1.186967134475708,1.186967134475708,113.17510986328125,0.0
11460,1.1139709949493408,1.1139709949493408,113.18275451660156,0.0
11480,1.1696596145629883,1.1696596145629883,113.19043731689453,0.0
11500,1.1881039142608643,1.1881039142608643,113.19823455810547,0.0
11520,1.1143763065338135,1.1143763065338135,113.20610809326172,0.0
11540,1.1706069707870483,1.1706069707870483,113.21400451660156,0.0
11560,1.1892132759094238,1.1892132759094238,113.22200775146484,0.0
11580,1.1147786378860474,1.1147786378860474,113.23007202148438,0.0
11600,1.1715314388275146,1.1715314388275146,113.23815155029297,0.0
11620,1.1903046369552612,1.1903046369552612,113.2463150024414,0.0
11640,1.1151611804962158,1.1151611804962158,113.2545394897461,0.0
11660,1.1724505424499512,1.1724505424499512,113.26276397705078,0.0
11680,1.1913760900497437,1.1913760900497437,113.27107238769531,0.0
11700,1.1155344247817993,1.1155344247817993,113.2794418334961,0.0
11720,1.1733155250549316,1.1733155250549316,113.28780364990234,0.0
11740,1.1923800706863403,1.1923800706863403,113.29621887207031,0.0
11760,1.1159106492996216,1.1159106492996216,113.30471801757812,0.0
11780,1.1741275787353516,1.1741275787353516,113.31319427490234,0.0
11800,1.1933205127716064,1.1933205127716064,113.32170867919922,0.0
11820,1.1162856817245483,1.1162856817245483,113.33028411865234,0.0
11840,1.1749168634414673,1.1749168634414673,113.33882141113281,0.0
11860,1.1942375898361206,1.1942375898361206,113.34737396240234,0.0
11880,1.1166514158248901,1.1166514158248901,113.35599517822266,0.0
11900,1.1756646633148193,1.1756646633148193,113.36454772949219,0.0
11920,1.1951074600219727,1.1951074600219727,113.37313079833984,0.0
11940,1.1170305013656616,1.1170305013656616,113.38175964355469,0.0
11960,1.1763826608657837,1.1763826608657837,113.39031982421875,0.0
11980,1.195953369140625,1.195953369140625,113.3989028930664,0.0
12000,1.1173968315124512,1.1173968315124512,113.40751647949219,0.0
12020,1.1770741939544678,1.1770741939544678,113.41606140136719,0.0
12040,1.196766972541809,1.196766972541809,113.42460632324219,0.0
12060,1.1177701950073242,1.1177701950073242,113.4332046508789,0.0
12080,1.1777337789535522,1.1777337789535522,113.44171142578125,0.0
12100,1.1975585222244263,1.1975585222244263,113.45023345947266,0.0
12120,1.1181232929229736,1.1181232929229736,113.45878601074219,0.0
12140,1.1783891916275024,1.1783891916275024,113.46724700927734,0.0
12160,1.1983481645584106,1.1983481645584106,113.47572326660156,0.0
12180,1.1184405088424683,1.1184405088424683,113.48422241210938,0.0
12200,1.179036259651184,1.179036259651184,113.49260711669922,0.0
12220,1.1991389989852905,1.1991389989852905,113.5009994506836,0.0
12240,1.1187331676483154,1.1187331676483154,113.50940704345703,0.0
12260,1.179663896560669,1.179663896560669,113.51776885986328,0.0
12280,1.1998836994171143,1.1998836994171143,113.526123046875,0.0
12300,1.1190681457519531,1.1190681457519531,113.53453826904297,0.0
12320,1.1802574396133423,1.1802574396133423,113.54286193847656,0.0
12340,1.2006107568740845,1.2006107568740845,113.55119323730469,0.0
12360,1.1193710565567017,1.1193710565567017,113.5595703125,0.0
12380,1.1808480024337769,1.1808480024337769,113.56788635253906,0.0
12400,1.201322078704834,1.201322078704834,113.57618713378906,0.0
12420,1.119674563407898,1.119674563407898,113.58454132080078,0.0
12440,1.1814279556274414,1.1814279556274414,113.59283447265625,0.0
12460,1.2020190954208374,1.2020190954208374,113.60115051269531,0.0
12480,1.1199747323989868,1.1199747323989868,113.60946655273438,0.0
12500,1.1819961071014404,1.1819961071014404,113.61774444580078,0.0
12520,1.2026960849761963,1.2026960849761963,113.62602233886719,0.0
12540,1.1202865839004517,1.1202865839004517,113.63434600830078,0.0
12560,1.18253755569458,1.18253755569458,113.64260864257812,0.0
12580,1.2033404111862183,1.2033404111862183,113.65087127685547,0.0
12600,1.120638132095337,1.120638132095337,113.65917205810547,0.0
12620,1.183037281036377,1.183037281036377,113.66743469238281,0.0
12640,1.2039270401000977,1.2039270401000977,113.67568969726562,0.0
12660,1.1210978031158447,1.1210978031158447,113.68399810791016,0.0
12680,1.1834584474563599,1.1834584474563599,113.69227600097656,0.0
12700,1.2044094800949097,1.2044094800949097,113.70056915283203,0.0
12720,1.121758222579956,1.121758222579956,113.70895385742188,0.0
12740,1.183883547782898,1.183883547782898,113.71736907958984,0.0
12760,1.2051039934158325,1.2051039934158325,113.72582244873047,0.0
12780,1.1215944290161133,1.1215944290161133,113.73432159423828,0.0
12800,1.1848081350326538,1.1848081350326538,113.74273681640625,0.0
12820,1.206209659576416,1.206209659576416,113.75110626220703,0.0
12840,1.121164321899414,1.121164321899414,113.75955200195312,0.0
12860,1.1856812238693237,1.1856812238693237,113.76799774169922,0.0
12880,1.2072041034698486,1.2072041034698486,113.77648162841797,0.0
12900,1.1208535432815552,1.1208535432815552,113.7850341796875,0.0
12920,1.1864311695098877,1.1864311695098877,113.79363250732422,0.0
12940,1.2079850435256958,1.2079850435256958,113.80219268798828,0.0
12960,1.1209784746170044,1.1209784746170044,113.81082153320312,0.0
12980,1.1870123147964478,1.1870123147964478,113.81945037841797,0.0
13000,1.2086666822433472,1.2086666822433472,113.82795715332031,0.0
13020,1.2107223272323608,1.2107223272323608,113.83438873291016,0.0
13040,1.2327969074249268,1.2327969074249268,113.84168243408203,0.0
13060,1.2407360076904297,1.2407360076904297,113.84864807128906,0.0
13080,1.212388277053833,1.212388277053833,113.85492706298828,0.0
13100,1.2350194454193115,1.2350194454193115,113.86087799072266,0.0
13120,1.2433996200561523,1.2433996200561523,113.8665771484375,0.0
13140,1.2141437530517578,1.2141437530517578,113.87212371826172,0.0
13160,1.2371327877044678,1.2371327877044678,113.87755584716797,0.0
13180,1.2457059621810913,1.2457059621810913,113.8829345703125,0.0
13200,1.2156891822814941,1.2156891822814941,113.88829040527344,0.0
13220,1.2389901876449585,1.2389901876449585,113.8935775756836,0.0
13240,1.2477705478668213,1.2477705478668213,113.89888000488281,0.0
13260,1.216955304145813,1.216955304145813,113.90419006347656,0.0
13280,1.24077308177948,1.24077308177948,113.90943145751953,0.0
13300,1.2497007846832275,1.2497007846832275,113.9146728515625,0.0
13320,1.217602252960205,1.217602252960205,113.91990661621094,0.0
13340,1.2425488233566284,1.2425488233566284,113.92504119873047,0.0
13360,1.2515465021133423,1.2515465021133423,113.93018341064453,0.0
13380,1.2178605794906616,1.2178605794906616,113.9353256225586,0.0
13400,1.244231104850769,1.244231104850769,113.94036865234375,0.0
13420,1.2532397508621216,1.2532397508621216,113.94544982910156,0.0
13440,1.218216896057129,1.218216896057129,113.9505386352539,0.0
13460,1.245694875717163,1.245694875717163,113.95552825927734,0.0
13480,1.254737138748169,1.254737138748169,113.96060180664062,0.0
13500,1.2187632322311401,1.2187632322311401,113.96573638916016,0.0
13520,1.2470053434371948,1.2470053434371948,113.9708251953125,0.0
13540,1.256135106086731,1.256135106086731,113.97595977783203,0.0
13560,1.2193461656570435,1.2193461656570435,113.98113250732422,0.0
13580,1.248230218887329,1.248230218887329,113.98625183105469,0.0
13600,1.257460117340088,1.257460117340088,113.9914321899414,0.0
13620,1.2199652194976807,1.2199652194976807,113.99662780761719,0.0
13640,1.2493951320648193,1.2493951320648193,114.00177001953125,0.0
13660,1.2587283849716187,1.2587283849716187,114.00700378417969,0.0
13680,1.220609188079834,1.220609188079834,114.01225280761719,0.0
13700,1.2505288124084473,1.2505288124084473,114.0174331665039,0.0
13720,1.2599679231643677,1.2599679231643677,114.02272033691406,0.0
13740,1.2212274074554443,1.2212274074554443,114.02799987792969,0.0
13760,1.2516428232192993,1.2516428232192993,114.03325653076172,0.0
13780,1.261172890663147,1.261172890663147,114.0385971069336,0.0
13800,1.221860408782959,1.221860408782959,114.04395294189453,0.0
13820,1.252708077430725,1.252708077430725,114.04927062988281,0.0
13840,1.2623335123062134,1.2623335123062134,114.05464935302734,0.0
13860,1.2225146293640137,1.2225146293640137,114.06011199951172,0.0
13880,1.2537286281585693,1.2537286281585693,114.0655288696289,0.0
13900,1.2634531259536743,1.2634531259536743,114.071044921875,0.0
13920,1.2231680154800415,1.2231680154800415,114.07662200927734,0.0
13940,1.254719853401184,1.254719853401184,114.0821304321289,0.0
13960,1.2645456790924072,1.2645456790924072,114.08772277832031,0.0
13980,1.2237969636917114,1.2237969636917114,114.0933609008789,0.0
14000,1.1415895223617554,1.2556884288787842,114.09893035888672,0.001
14020,-1.102459192276001,1.2655627727508545,112.76295471191406,0.021
14040,-3.3452210426330566,1.2245497703552246,111.45782470703125,0.041
14060,-5.48006534576416,1.2562377452850342,110.43120574951172,0.061
14080,-7.6094231605529785,1.2658952474594116,109.57183074951172,0.081
14100,-9.764225959777832,1.2258453369140625,108.81258392333984,0.101
14120,-11.826550483703613,1.2558386325836182,108.11891174316406,0.121
14140,-13.888396263122559,1.2653383016586304,107.4732894897461,0.141
14160,-15.978516578674316,1.2267731428146362,106.86515045166016,0.161
14180,-17.98313331604004,1.2549173831939697,106.2875747680664,0.181
14200,-19.98853874206543,1.2644163370132446,105.73609161376953,0.201
14220,-22.023191452026367,1.2275704145431519,105.20706939697266,0.221
14240,-23.978412628173828,1.2537660598754883,104.69784545898438,0.241
14260,-25.93450927734375,1.2633482217788696,104.20634460449219,0.261
14280,-27.920433044433594,1.2278692722320557,103.7306137084961,0.281
14300,-29.831636428833008,1.2523850202560425,103.26917266845703,0.301
14320,-31.743671417236328,1.2618147134780884,102.8208236694336,0.321
14340,-33.68523406982422,1.227874755859375,102.38448333740234,0.341
14360,-35.556724548339844,1.250540852546692,101.95919036865234,0.361
14380,-37.428340911865234,1.2600499391555786,101.54434204101562,0.381
14400,-39.32905960083008,1.2277218103408813,101.13910675048828,0.401
14420,-41.1638069152832,1.2488627433776855,100.74269104003906,0.421
14440,-42.99832534790039,1.2581120729446411,100.35472869873047,0.441
14460,-44.861236572265625,1.2271801233291626,99.9748764038086,0.461
14480,-46.66203308105469,1.2467122077941895,99.60238647460938,0.481
14500,-48.461647033691406,1.2559566497802734,99.23674011230469,0.501
14520,-50.28864288330078,1.2265578508377075,98.87754821777344,0.521
14540,-52.05712127685547,1.2448060512542725,98.52481079101562,0.541
14560,-53.82337188720703,1.2545381784439087,98.17809295654297,0.561
14580,-55.61701965332031,1.2264658212661743,97.83733367919922,0.581
14600,-57.355995178222656,1.2429907321929932,97.50247955322266,0.601
14620,-59.09196853637695,1.2523938417434692,97.17288970947266,0.621
14640,-60.85458755493164,1.2253166437149048,96.84852600097656,0.641
14660,-62.565460205078125,1.2404226064682007,96.5293197631836,0.661
14680,-64.27236938476562,1.2497962713241577,96.2146224975586,0.681
14700,-66.00514221191406,1.2238205671310425,95.90438079833984,0.701
14720,-67.68861389160156,1.2380282878875732,95.59867095947266,0.721
14740,-69.36768341064453,1.2473102807998657,95.29688262939453,0.741
14760,-71.07186126708984,1.2224972248077393,94.99915313720703,0.761
14780,-72.72953796386719,1.2354356050491333,94.70547485351562,0.781
14800,-74.38202667236328,1.2446881532669067,94.41537475585938,0.801
14820,-76.05915069580078,1.2205960750579834,94.1288070678711,0.821
14840,-77.69164276123047,1.2325774431228638,93.8456802368164,0.841
14860,-79.31846618652344,1.2418324947357178,93.56597137451172,0.861
14880,-80.9689712524414,1.218865990638733,93.28926086425781,0.881
14900,-82.57723236083984,1.2300230264663696,93.01582336425781,0.901
14920,-84.17933654785156,1.239052653312683,92.7452621459961,0.921
14940,-85.80461120605469,1.2167319059371948,92.47750854492188,0.941
14960,-87.38932037353516,1.2271548509597778,92.21277618408203,0.961
14980,-88.96758270263672,1.2360354661941528,91.95067596435547,0.981
15000,-90.47675323486328,1.2144016027450562,91.69115447998047,1.0
15020,-90.21106719970703,1.2246109247207642,91.43567657470703,1.0
15040,-89.9526596069336,1.2337701320648193,91.18643188476562,1.0
15060,-89.73065185546875,1.2130149602890015,90.94366455078125,1.0
15080,-89.48351287841797,1.2234671115875244,90.70697784423828,1.0
15100,-89.24232482910156,1.2325232028961182,90.47484588623047,1.0
15120,-89.03619384765625,1.2117326259613037,90.2479248046875,1.0
15140,-88.80442810058594,1.2217742204666138,90.02619934082031,1.0
15160,-88.577392578125,1.2313687801361084,89.80876159667969,1.0
15180,-88.38561248779297,1.2096531391143799,89.59526824951172,1.0
15200,-88.16390228271484,1.2218947410583496,89.38579559326172,1.0
15220,-87.94894409179688,1.2308841943740845,89.17982482910156,1.0
15240,-87.76773834228516,1.2094318866729736,88.9771728515625,1.0
15260,-87.5567398071289,1.2210760116577148,88.77781677246094,1.0
15280,-87.35137176513672,1.23000168800354,88.58137512207031,1.0
15300,-87.17893981933594,1.208753228187561,88.3876953125,1.0
15320,-86.97676849365234,1.2200839519500732,88.19685363769531,1.0
15340,-86.77947998046875,1.228945255279541,88.0084228515625,1.0
15360,-86.614501953125,1.2078676223754883,87.82237243652344,1.0
15380,-86.419677734375,1.21904718875885,87.63872528076172,1.0
15400,-86.22928619384766,1.2278386354446411,87.45712280273438,1.0
15420,-86.07056427001953,1.2069530487060547,87.27751922607422,1.0
15440,-85.88200378417969,1.2180829048156738,87.10009002685547,1.0
15460,-85.69728088378906,1.2271754741668701,86.92445373535156,1.0
15480,-85.54386138916016,1.2065132856369019,86.75037384033203,1.0
15500,-85.36091613769531,1.2173421382904053,86.57825469970703,1.0
15520,-85.18169403076172,1.226060390472412,86.40775299072266,1.0
15540,-85.033203125,1.2056324481964111,86.23883819580078,1.0
15560,-84.85526275634766,1.2163375616073608,86.07160186767578,1.0
15580,-84.68067169189453,1.2251180410385132,85.90579223632812,1.0
15600,-84.5363540649414,1.20502769947052,85.74137878417969,1.0
15620,-84.36288452148438,1.215582013130188,85.5784683227539,1.0
15640,-84.19248962402344,1.2242790460586548,85.4167709350586,1.0
15660,-84.0520248413086,1.204256534576416,85.25627899169922,1.0
15680,-83.88250732421875,1.2146270275115967,85.09713745117188,1.0
15700,-83.71590423583984,1.2232091426849365,84.9391098022461,1.0
15720,-83.57872009277344,1.2034387588500977,84.78215789794922,1.0
15740,-83.41276550292969,1.2136799097061157,84.6264419555664,1.0
15760,-83.24952697753906,1.222202181816101,84.47172546386719,1.0
15780,-83.11526489257812,1.20267915725708,84.31794738769531,1.0
15800,-82.9525375366211,1.2127764225006104,84.16531372070312,1.0
15820,-82.79228973388672,1.221258521080017,84.0135498046875,1.0
15840,-82.66061401367188,1.2019951343536377,83.86260986328125,1.0
15860,-82.50080871582031,1.2119324207305908,83.71273803710938,1.0
15880,-82.34332275390625,1.2203190326690674,83.56364440917969,1.0
15900,-82.21404266357422,1.2012840509414673,83.41532897949219,1.0
15920,-82.0568618774414,1.2110891342163086,83.26795196533203,1.0
15940,-81.90186309814453,1.219407081604004,83.12126922607422,1.0
15960,-81.77471160888672,1.2005914449691772,82.97530364990234,1.0
15980,-81.6198959350586,1.2103513479232788,82.83024597167969,1.0
16000,-81.46715545654297,1.2186306715011597,82.68578338623047,1.0
16020,-81.34204864501953,1.1999620199203491,82.54200744628906,1.0
16040,-81.18933868408203,1.2097015380859375,82.39904022216797,1.0
16060,-81.0386734008789,1.2179746627807617,82.25664520263672,1.0
16080,-80.91545867919922,1.199403166770935,82.11486053466797,1.0
16100,-80.76460266113281,1.209258794784546,81.97386169433594,1.0
16120,-80.61585235595703,1.2175160646438599,81.83336639404297,1.0
16140,-80.4945068359375,1.1989250183105469,81.69342803955078,1.0
16160,-80.34521484375,1.2089918851852417,81.55420684814453,1.0
16180,-80.19827270507812,1.217174768447876,81.41545104980469,1.0
16200,-80.07856750488281,1.1986565589904785,81.2772216796875,1.0
16220,-79.93113708496094,1.2085356712341309,81.1396713256836,1.0
16240,-79.78594207763672,1.2166154384613037,81.00255584716797,1.0
16260,-79.66770935058594,1.1981862783432007,80.86589813232422,1.0
16280,-79.52192687988281,1.2079657316207886,80.72988891601562,1.0
16300,-79.37830352783203,1.2159620523452759,80.59426879882812,1.0
16320,-79.26139068603516,1.1976511478424072,80.45904541015625,1.0
16340,-79.11709594726562,1.207315444946289,80.32440948486328,1.0
16360,-78.9749526977539,1.215224027633667,80.19017791748047,1.0
16380,-78.85928344726562,1.1970295906066895,80.05631256103516,1.0
16400,-78.71643829345703,1.206596851348877,79.92303466796875,1.0
16420,-78.57564544677734,1.2144371271133423,79.79008483886719,1.0
16440,-78.46113586425781,1.1963344812393188,79.657470703125,1.0
16460,-78.31953430175781,1.205873727798462,79.52540588378906,1.0
16480,-78.17998504638672,1.2136393785476685,79.39362335205078,1.0
16500,-78.06656646728516,1.195607304573059,79.26217651367188,1.0
16520,-77.92610931396484,1.2050354480743408,79.13114166259766,1.0
16540,-77.78749084472656,1.2127201557159424,79.00021362304688,1.0
16560,-77.67440795898438,1.1950271129608154,78.86943817138672,1.0
16580,-77.5350112915039,1.204506278038025,78.73951721191406,1.0
16600,-77.3975601196289,1.2123684883117676,78.60993194580078,1.0
16620,-77.28630065917969,1.1942927837371826,78.4805908203125,1.0
16640,-77.14787292480469,1.2038542032241821,78.35173034667969,1.0
16660,-77.01162719726562,1.2114877700805664,78.22311401367188,1.0
16680,-76.90123748779297,1.193538784980774,78.09477996826172,1.0
16700,-76.76375579833984,1.2031549215316772,77.96691131591797,1.0
16720,-76.6285400390625,1.2106975317001343,77.83924102783203,1.0
16740,-76.51900482177734,1.1928379535675049,77.71184539794922,1.0
16760,-76.38231658935547,1.2025309801101685,77.58484649658203,1.0
16780,-76.24799346923828,1.2100574970245361,77.45805358886719,1.0
16800,-76.1391830444336,1.1923167705535889,77.33149719238281,1.0
16820,-76.00337982177734,1.2019802331924438,77.20536041259766,1.0
16840,-75.87004852294922,1.2093647718429565,77.07941436767578,1.0
16860,-75.76203155517578,1.1916632652282715,76.95369720458984,1.0
16880,-75.6270751953125,1.201271653175354,76.8283462524414,1.0
16900,-75.49462890625,1.2085580825805664,76.70318603515625,1.0
16920,-75.38732147216797,1.1908818483352661,76.57820129394531,1.0
16940,-75.25308990478516,1.2004905939102173,76.45358276367188,1.0
16960,-75.12145233154297,1.2076588869094849,76.32910919189453,1.0
16980,-75.01477813720703,1.1900092363357544,76.20478820800781,1.0
17000,-74.8812026977539,1.1995779275894165,76.08078002929688,1.0
17020,-74.75020599365234,1.2065783739089966,75.956787109375,1.0
17040,-74.64398956298828,1.1889656782150269,75.83295440673828,1.0
17060,-74.51128387451172,1.1982636451721191,75.70954895019531,1.0
17080,-74.38108825683594,1.2052243947982788,75.58631134033203,1.0
17100,-74.27542114257812,1.1878594160079956,75.4632797241211,1.0
17120,-74.14334106445312,1.197281002998352,75.34062194824219,1.0
17140,-74.01388549804688,1.2042057514190674,75.21809387207031,1.0
17160,-73.90873718261719,1.1869958639144897,75.09573364257812,1.0
17180,-73.77735137939453,1.1963754892349243,74.97372436523438,1.0
17200,-73.6485595703125,1.2032568454742432,74.85181427001953,1.0
17220,-73.54383850097656,1.1862047910690308,74.73004150390625,1.0
17240,-73.4130630493164,1.1955329179763794,74.60859680175781,1.0
17260,-73.28487396240234,1.202386736869812,74.48725891113281,1.0
17280,-73.18063354492188,1.185443639755249,74.36607360839844,1.0
17300,-73.05049896240234,1.194685697555542,74.24518585205078,1.0
17320,-72.92296600341797,1.201446771621704,74.1244125366211,1.0
17340,-72.819091796875,1.1846867799758911,74.00377655029297,1.0
17360,-72.68960571289062,1.1937907934188843,73.8833999633789,1.0
17380,-72.56265258789062,1.200487494468689,73.76313781738281,1.0
17400,-72.45909118652344,1.183892011642456,73.64298248291016,1.0
17420,-72.33024597167969,1.1928802728652954,73.52312469482422,1.0
17440,-72.20382690429688,1.199508786201477,73.40333557128906,1.0
17460,-72.10060119628906,1.1830761432647705,73.28367614746094,1.0
17480,-71.97232818603516,1.191955804824829,73.1642837524414,1.0
17500,-71.84645080566406,1.1985206604003906,73.04496765136719,1.0
17520,-71.7435073852539,1.1822437047958374,72.92575073242188,1.0
17540,-71.61579132080078,1.1910208463668823,72.80680847167969,1.0
17560,-71.49040985107422,1.1975207328796387,72.68792724609375,1.0
17580,-71.38775634765625,1.181401252746582,72.56916046142578,1.0
17600,-71.26057434082031,1.1900687217712402,72.45064544677734,1.0
17620,-71.13570404052734,1.1965018510818481,72.33220672607422,1.0
17640,-71.0333023071289,1.180544376373291,72.2138442993164,1.0
17660,-70.90666961669922,1.18910551071167,72.09577178955078,1.0
17680,-70.78227233886719,1.1954728364944458,71.97774505615234,1.0
17700,-70.68010711669922,1.1796809434890747,71.85978698730469,1.0
17720,-70.55397033691406,1.1881356239318848,71.74210357666016,1.0
17740,-70.43001556396484,1.1944398880004883,71.62445831298828,1.0
17760,-70.32808685302734,1.1788103580474854,71.50689697265625,1.0
17780,-70.20243072509766,1.1871612071990967,71.38959503173828,1.0
17800,-70.0789566040039,1.1934008598327637,71.27235412597656,1.0
17820,-69.97726440429688,1.1779255867004395,71.15518951416016,1.0
17840,-69.8520736694336,1.1861906051635742,71.03826141357422,1.0
17860,-69.72899627685547,1.1923633813858032,70.92135620117188,1.0
17880,-69.62750244140625,1.1770378351211548,70.8045425415039,1.0
17900,-69.50270080566406,1.1852515935897827,70.68795013427734,1.0
17920,-69.38005065917969,1.1913676261901855,70.57141876220703,1.0
17940,-69.27879333496094,1.1761797666549683,70.45497131347656,1.0
17960,-69.15445709228516,1.18429696559906,70.33875274658203,1.0
17980,-69.0322265625,1.1903413534164429,70.22256469726562,1.0
18000,-68.93115234375,1.1752911806106567,70.1064453125,1.0
18020,-68.80721282958984,1.1833292245864868,69.99053955078125,1.0
18040,-68.68536376953125,1.1893078088760376,69.87467193603516,1.0
18060,-68.58448028564453,1.1744016408920288,69.75888061523438,1.0
18080,-68.4609603881836,1.1823593378067017,69.64331817626953,1.0
18100,-68.3395004272461,1.1882764101028442,69.52777862548828,1.0
18120,-68.23878479003906,1.1735169887542725,69.41230010986328,1.0
18140,-68.11565399169922,1.1813911199569702,69.29704284667969,1.0
18160,-67.99456787109375,1.1872466802597046,69.18181610107422,1.0
18180,-67.89401245117188,1.1726250648498535,69.06663513183594,1.0
18200,-67.77123260498047,1.1804206371307373,68.95165252685547,1.0
18220,-67.65048217773438,1.186216115951538,68.83670043945312,1.0
18240,-67.55009460449219,1.1717256307601929,68.72181701660156,1.0
18260,-67.4277114868164,1.179451584815979,68.60716247558594,1.0
18280,-67.30733489990234,1.1851853132247925,68.49252319335938,1.0
18300,-67.20710754394531,1.1708192825317383,68.3779296875,1.0
18320,-67.08506774902344,1.1784824132919312,68.2635498046875,1.0
18340,-66.96501159667969,1.1841613054275513,68.149169921875,1.0
18360,-66.86494445800781,1.1699069738388062,68.03485107421875,1.0
18380,-66.74320983886719,1.1775234937667847,67.92073059082031,1.0
18400,-66.62346649169922,1.1831519603729248,67.8066177368164,1.0
18420,-66.52356719970703,1.16898775100708,67.69255828857422,1.0
18440,-66.40210723876953,1.1765903234481812,67.57869720458984,1.0
18460,-66.2826919555664,1.1821707487106323,67.46485900878906,1.0
18480,-66.18299102783203,1.1680744886398315,67.35106658935547,1.0
18500,-66.06178283691406,1.1757131814956665,67.23749542236328,1.0
18520,-65.94264221191406,1.1812726259231567,67.12391662597656,1.0
18540,-65.84315490722656,1.1672322750091553,67.01038360595703,1.0
18560,-65.7220458984375,1.1750043630599976,66.89704895019531,1.0
18580,-65.6030044555664,1.1807259321212769,66.78372955322266,1.0
18600,-65.5029296875,1.1675220727920532,66.67044830322266,1.0
18620,-65.38247680664062,1.1748944520950317,66.557373046875,1.0
18640,-65.26380157470703,1.1805177927017212,66.44432067871094,1.0
18660,-65.16459655761719,1.166711449623108,66.33130645751953,1.0
18680,-65.04438781738281,1.1740946769714355,66.2184829711914,1.0
18700,-64.926025390625,1.179648995399475,66.10567474365234,1.0
18720,-64.8266372680664,1.1662812232971191,65.992919921875,1.0
18740,-64.70701599121094,1.1733713150024414,65.88038635253906,1.0
18760,-64.58892822265625,1.1789089441299438,65.76783752441406,1.0
18780,-64.48995971679688,1.1653828620910645,65.65534210205078,1.0
18800,-64.37039947509766,1.172641396522522,65.54303741455078,1.0
18820,-64.25265502929688,1.1780791282653809,65.43073272705078,1.0
18840,-64.15398406982422,1.1644693613052368,65.31845092773438,1.0
18860,-64.03449249267578,1.1718652248382568,65.20635986328125,1.0
18880,-63.91702651977539,1.1772421598434448,65.09426879882812,1.0
18900,-63.81856155395508,1.1636466979980469,64.98220825195312,1.0
18920,-63.6992301940918,1.1711161136627197,64.87034606933594,1.0
18940,-63.5820426940918,1.176440715789795,64.75848388671875,1.0
18960,-63.48374557495117,1.1628897190093994,64.64663696289062,1.0
18980,-63.36466598510742,1.1703393459320068,64.53500366210938,1.0
19000,-63.24775695800781,1.1755986213684082,64.42335510253906,1.0
19020,-63.14965057373047,1.1620944738388062,64.3117446899414,1.0
19040,-63.03077697753906,1.1695311069488525,64.20030975341797,1.0
19060,-62.91413879394531,1.1747498512268066,64.0888900756836,1.0
19080,-62.81635665893555,1.1611312627792358,63.97748947143555,1.0
19100,-62.697410583496094,1.168870449066162,63.86627960205078,1.0
19120,-62.580909729003906,1.1741482019424438,63.75505828857422,1.0
19140,-62.48420715332031,1.1596519947052002,63.64385986328125,1.0
19160,-62.364383697509766,1.168445110321045,63.53282928466797,1.0
19180,-62.24831008911133,1.1734720468521118,63.421783447265625,1.0
19200,-62.15212631225586,1.1586567163467407,63.31078338623047,1.0
19220,-62.03233337402344,1.1676257848739624,63.19995880126953,1.0
19240,-61.916622161865234,1.1725149154663086,63.08913803100586,1.0
19260,-61.82048797607422,1.1578621864318848,62.97835159301758,1.0
19280,-61.70112991333008,1.1665881872177124,62.86771774291992,1.0
19300,-61.5857048034668,1.171406626701355,62.757110595703125,1.0
19320,-61.48943328857422,1.1571018695831299,62.64653396606445,1.0
19340,-61.37064743041992,1.1654706001281738,62.53611755371094,1.0
19360,-61.25545883178711,1.1702587604522705,62.425716400146484,1.0
19380,-61.15907287597656,1.15627920627594,62.31535339355469,1.0
19400,-61.040794372558594,1.164355993270874,62.20515060424805,1.0
19420,-60.92582702636719,1.1691232919692993,62.09495162963867,1.0
19440,-60.82941818237305,1.155372977256775,61.98479080200195,1.0
19460,-60.71151351928711,1.1632819175720215,61.874794006347656,1.0
19480,-60.59677505493164,1.1680247783660889,61.764801025390625,1.0
19500,-60.50037384033203,1.1544582843780518,61.65483093261719,1.0
19520,-60.38279342651367,1.1622473001480103,61.545040130615234,1.0
19540,-60.2681770324707,1.1670997142791748,61.43527603149414,1.0
19560,-60.17171859741211,1.1538305282592773,61.3255500793457,1.0
19580,-60.05447006225586,1.1614941358566284,61.215965270996094,1.0
19600,-59.94009017944336,1.1662780046463013,61.10636901855469,1.0
19620,-59.8436393737793,1.1531500816345215,60.996788024902344,1.0
19640,-59.72686004638672,1.1605288982391357,60.88739013671875,1.0
19660,-59.61271667480469,1.1652626991271973,60.77798080444336,1.0
19680,-59.51628112792969,1.1523159742355347,60.66859817504883,1.0
19700,-59.3998908996582,1.1594974994659424,60.55938720703125,1.0
19720,-59.28599166870117,1.164180040359497,60.450172424316406,1.0
19740,-59.1895637512207,1.1514215469360352,60.34098434448242,1.0
19760,-59.07355499267578,1.1584229469299316,60.23197937011719,1.0
19780,-58.959922790527344,1.1630481481552124,60.12297058105469,1.0
19800,-58.86347198486328,1.1505060195922852,60.01397705078125,1.0
19820,-58.747833251953125,1.1573325395584106,59.90516662597656,1.0
19840,-58.63441848754883,1.1619261503219604,59.79634475708008,1.0
19860,-58.53793716430664,1.1496093273162842,59.68754577636719,1.0
19880,-58.42268371582031,1.1562532186508179,59.57893753051758,1.0
19900,-58.30947494506836,1.1608290672302246,59.47030258178711,1.0
19920,-58.2130126953125,1.1486846208572388,59.361698150634766,1.0
19940,-58.098060607910156,1.1552221775054932,59.2532844543457,1.0
19960,-57.985050201416016,1.1597932577133179,59.14484405517578,1.0
19980,-57.88863754272461,1.1478198766708374,59.03645706176758,1.0
